Workbook

Sheet Sheet1
A1: plant
A2: Абинский ЭМЗ | B2: =VLOOKUP(A2,словарь!A:B,2,0) -> ЮФО
A3: Алтайвагон | B3: нет
A4: Амурсталь | B4: =VLOOKUP(A4,словарь!A:B,2,0) -> СФО
A5: Ашинский МЗ | B5: =VLOOKUP(A5,словарь!A:B,2,0) -> УФО
A6: Белорусский МЗ | B6: =VLOOKUP(A6,словарь!A:B,2,0) -> ЦФО
A7: Волжский ТЗ | B7: =VLOOKUP(A7,словарь!A:B,2,0) -> ЮФО
A8: Выксунский МЗ | B8: =VLOOKUP(A8,словарь!A:B,2,0) -> ЦФО
A9: Гурьевский МЗ | B9: =VLOOKUP(A9,словарь!A:B,2,0) -> СФО
A10: Донской ЭМЗ | B10: =VLOOKUP(A10,словарь!A:B,2,0) -> ЮФО
A11: ЕВРАЗ-ЗСМК | B11: =VLOOKUP(A11,словарь!A:B,2,0) -> СФО
A12: ЕВРАЗ-НКМК | B12: =VLOOKUP(A12,словарь!A:B,2,0) -> СФО
A13: ЕВРАЗ-НТМК | B13: нет
A14: Ижсталь | B14: =VLOOKUP(A14,словарь!A:B,2,0) -> УФО
A15: КАМАЗ | B15: нет
A16: Камасталь | B16: нет
A17: Камский МК ТЭМ-ПО | B17: нет
A18: Красный Октябрь | B18: =VLOOKUP(A18,словарь!A:B,2,0) -> ЮФО
A19: МЗ Балаково | B19: =VLOOKUP(A19,словарь!A:B,2,0) -> ЮФО
A20: МЗ Электросталь Тюмени | B20: =VLOOKUP(A20,словарь!A:B,2,0) -> УФО
A21: Магнитогорский МК | B21: =VLOOKUP(A21,словарь!A:B,2,0) -> УФО
A22: Надеждинский МЗ | B22: =VLOOKUP(A22,словарь!A:B,2,0) -> УФО
A23: Новолипецкий МК | B23: =VLOOKUP(A23,словарь!A:B,2,0) -> ЦФО
A24: Новоросметалл | B24: =VLOOKUP(A24,словарь!A:B,2,0) -> ЮФО
A25: Новороссийский МПЗ | B25: нет
A26: Омутнинский МЗ | B26: нет
A27: Оскольский ЭМК | B27: =VLOOKUP(A27,словарь!A:B,2,0) -> ЦФО
A28: Первоуральский НТЗ | B28: =VLOOKUP(A28,словарь!A:B,2,0) -> УФО
A29: Промсорт-Калуга | B29: =VLOOKUP(A29,словарь!A:B,2,0) -> ЦФО
A30: Промсорт-Урал | B30: =VLOOKUP(A30,словарь!A:B,2,0) -> УФО
A31: Северский ТЗ | B31: =VLOOKUP(A31,словарь!A:B,2,0) -> УФО
A32: Таганрогский МЗ | B32: =VLOOKUP(A32,словарь!A:B,2,0) -> ЮФО
A33: Тульский МПЗ | B33: =VLOOKUP(A33,словарь!A:B,2,0) -> ЦФО
A34: Уральская Сталь | B34: =VLOOKUP(A34,словарь!A:B,2,0) -> УФО
A35: Челябинский МК | B35: =VLOOKUP(A35,словарь!A:B,2,0) -> УФО
A36: Череповецкий МК | B36: =VLOOKUP(A36,словарь!A:B,2,0) -> ЦФО
A37: Ярцевский МЗ | B37: нет

Sheet словарь
A1: Магнитогорский МК | B1: УФО
A2: Промсорт-Урал | B2: УФО
A3: Северский ТЗ | B3: УФО
A4: Первоуральский НТЗ | B4: УФО
A5: Надеждинский МЗ | B5: УФО
A6: Уральская Сталь | B6: УФО
A7: МЗ Электросталь Тюмени | B7: УФО
A8: Челябинский МК | B8: УФО
A9: Ижсталь | B9: УФО
A10: Ашинский МЗ | B10: УФО
A11: Череповецкий МК | B11: ЦФО
A12: Новолипецкий МК | B12: ЦФО
... A29: Красный Октябрь | B29: ЮФО
